OBJECTNUMMER;Modaliteit;Lijn;Lijn_select;RADIUS;WKT_LNG_LAT;WKT_LAT_LNG;LNG;LAT;
1;"Tram";"2 | 11 | 12 | 13 | 17";"02|11|12|13|17";3;"POINT(4.893349,52.376064)";"POINT(52.376064,4.893349)";"4,893349";"52,376064";
2;"Tram";"1 | 11 | 17";"01|11|17";3;"POINT(4.853122,52.358377)";"POINT(52.358377,4.853122)";"4,853122";"52,358377";
3;"Tram";"1 | 17";"01|17";3;"POINT(4.82733,52.357809)";"POINT(52.357809,4.82733)";"4,82733";"52,357809";
4;"Tram";"2 | 11 | 12";"02|11|12";3;"POINT(4.889295,52.369254)";"POINT(52.369254,4.889295)";"4,889295";"52,369254";
5;"Tram";"2 | 11 | 12";"02|11|12";3;"POINT(4.884471,52.365017)";"POINT(52.365017,4.884471)";"4,884471";"52,365017";
6;"Tram";"2 | 11 | 12";"02|11|12";3;"POINT(4.886451,52.365956)";"POINT(52.365956,4.886451)";"4,886451";"52,365956";
7;"Tram";"2 | 11 | 12";"02|11|12";3;"POINT(4.888961,52.366998)";"POINT(52.366998,4.888961)";"4,888961";"52,366998";
8;"Tram";"1";"01";3;"POINT(4.77478,52.353738)";"POINT(52.353738,4.77478)";"4,77478";"52,353738";
9;"Tram";"1";"01";3;"POINT(4.776851,52.35291)";"POINT(52.35291,4.776851)";"4,776851";"52,35291";
10;"Tram";"1";"01";3;"POINT(4.783292,52.350331)";"POINT(52.350331,4.783292)";"4,783292";"52,350331";
11;"Tram";"1";"01";3;"POINT(4.794752,52.350978)";"POINT(52.350978,4.794752)";"4,794752";"52,350978";
12;"Tram";"1";"01";3;"POINT(4.802261,52.352498)";"POINT(52.352498,4.802261)";"4,802261";"52,352498";
13;"Tram";"1";"01";3;"POINT(4.808848,52.35389)";"POINT(52.35389,4.808848)";"4,808848";"52,35389";
14;"Tram";"1 | 3 | 11";"01|03|11";3;"POINT(4.875292,52.362745)";"POINT(52.362745,4.875292)";"4,875292";"52,362745";
15;"Tram";"1 | 11";"01|11";3;"POINT(4.860101,52.358961)";"POINT(52.358961,4.860101)";"4,860101";"52,358961";
16;"Tram";"19";"19";3;"POINT(4.940195,52.347751)";"POINT(52.347751,4.940195)";"4,940195";"52,347751";
17;"Tram";"19";"19";3;"POINT(4.947654,52.343067)";"POINT(52.343067,4.947654)";"4,947654";"52,343067";
18;"Tram";"19";"19";3;"POINT(4.954538,52.339603)";"POINT(52.339603,4.954538)";"4,954538";"52,339603";
19;"Tram";"19";"19";3;"POINT(4.95864,52.338752)";"POINT(52.338752,4.95864)";"4,95864";"52,338752";
20;"Tram";"19";"19";3;"POINT(4.965745,52.33749)";"POINT(52.33749,4.965745)";"4,965745";"52,33749";
21;"Tram";"19";"19";3;"POINT(4.969582,52.336756)";"POINT(52.336756,4.969582)";"4,969582";"52,336756";
22;"Tram";"1 | 3";"01|03";3;"POINT(4.929373,52.361012)";"POINT(52.361012,4.929373)";"4,929373";"52,361012";
23;"Tram";"1 | 17";"01|17";3;"POINT(4.810142,52.356394)";"POINT(52.356394,4.810142)";"4,810142";"52,356394";
24;"Tram";"1 | 17";"01|17";3;"POINT(4.840037,52.35795)";"POINT(52.35795,4.840037)";"4,840037";"52,35795";
25;"Tram";"17";"17";3;"POINT(4.853284,52.361465)";"POINT(52.361465,4.853284)";"4,853284";"52,361465";
26;"Tram";"17";"17";3;"POINT(4.853184,52.363668)";"POINT(52.363668,4.853184)";"4,853184";"52,363668";
27;"Tram";"7 | 17";"07|17";3;"POINT(4.867549,52.365968)";"POINT(52.365968,4.867549)";"4,867549";"52,365968";
28;"Tram";"3 | 7 | 17";"03|07|17";3;"POINT(4.872169,52.367239)";"POINT(52.367239,4.872169)";"4,872169";"52,367239";
29;"Tram";"1 | 2 | 5 | 7 | 11 | 12 | 19";"01|02|05|07|11|12|19";3;"POINT(4.882353,52.363768)";"POINT(52.363768,4.882353)";"4,882353";"52,363768";
30;"Tram";"1";"01";3;"POINT(4.788602,52.349769)";"POINT(52.349769,4.788602)";"4,788602";"52,349769";
31;"Tram";"1 | 11";"01|11";3;"POINT(4.86625,52.360447)";"POINT(52.360447,4.86625)";"4,86625";"52,360447";
32;"Tram";"5";"05";3;"POINT(4.86987,52.38423)";"POINT(52.38423,4.86987)";"4,86987";"52,38423";
33;"Tram";"3";"03";3;"POINT(4.881063,52.381491)";"POINT(52.381491,4.881063)";"4,881063";"52,381491";
34;"Tram";"7";"07";3;"POINT(4.937336,52.376736)";"POINT(52.376736,4.937336)";"4,937336";"52,376736";
35;"Tram";"7";"07";3;"POINT(4.821464,52.381318)";"POINT(52.381318,4.821464)";"4,821464";"52,381318";
36;"Tram";"5";"05";3;"POINT(4.875046,52.384355)";"POINT(52.384355,4.875046)";"4,875046";"52,384355";
37;"Tram";"7";"07";3;"POINT(4.926464,52.368266)";"POINT(52.368266,4.926464)";"4,926464";"52,368266";
38;"Tram";"7";"07";3;"POINT(4.93846,52.373499)";"POINT(52.373499,4.93846)";"4,93846";"52,373499";
39;"Tram";"1 | 7 | 19";"01|07|19";3;"POINT(4.914325,52.36248)";"POINT(52.36248,4.914325)";"4,914325";"52,36248";
40;"Tram";"1 | 7 | 19 | 24 | 52";"01|07|19|24|52";3;"POINT(4.890948,52.359625)";"POINT(52.359625,4.890948)";"4,890948";"52,359625";
41;"Tram";"1 | 7 | 19";"01|07|19";3;"POINT(4.887262,52.360882)";"POINT(52.360882,4.887262)";"4,887262";"52,360882";
42;"Tram";"3";"03";3;"POINT(4.883593,52.385037)";"POINT(52.385037,4.883593)";"4,883593";"52,385037";
43;"Tram";"5";"05";3;"POINT(4.877053,52.383178)";"POINT(52.383178,4.877053)";"4,877053";"52,383178";
44;"Tram";"5";"05";3;"POINT(4.879194,52.381133)";"POINT(52.381133,4.879194)";"4,879194";"52,381133";
45;"Tram";"7 | 14 | 19";"07|14|19";3;"POINT(4.918934,52.363599)";"POINT(52.363599,4.918934)";"4,918934";"52,363599";
46;"Tram";"7";"07";3;"POINT(4.924564,52.366765)";"POINT(52.366765,4.924564)";"4,924564";"52,366765";
47;"Tram";"7";"07";3;"POINT(4.929696,52.370251)";"POINT(52.370251,4.929696)";"4,929696";"52,370251";
48;"Tram";"7 | 26";"07|26";3;"POINT(4.934366,52.372892)";"POINT(52.372892,4.934366)";"4,934366";"52,372892";
49;"Tram";"13 | 19";"13|19";3;"POINT(4.86393,52.37053)";"POINT(52.37053,4.86393)";"4,86393";"52,37053";
50;"Tram";"19";"19";3;"POINT(4.857454,52.378117)";"POINT(52.378117,4.857454)";"4,857454";"52,378117";
51;"Tram";"3 | 12 | 24 | 52";"03|12|24|52";3;"POINT(4.891112,52.352783)";"POINT(52.352783,4.891112)";"4,891112";"52,352783";
52;"Tram";"19";"19";3;"POINT(4.851314,52.382567)";"POINT(52.382567,4.851314)";"4,851314";"52,382567";
53;"Tram";"19";"19";3;"POINT(4.846421,52.385881)";"POINT(52.385881,4.846421)";"4,846421";"52,385881";
54;"Tram";"12";"12";3;"POINT(4.891167,52.347338)";"POINT(52.347338,4.891167)";"4,891167";"52,347338";
55;"Tram";"4 | 52";"04|52";3;"POINT(4.891992,52.340211)";"POINT(52.340211,4.891992)";"4,891992";"52,340211";
56;"Tram";"4";"04";3;"POINT(4.900816,52.344522)";"POINT(52.344522,4.900816)";"4,900816";"52,344522";
57;"Tram";"4";"04";3;"POINT(4.896595,52.342992)";"POINT(52.342992,4.896595)";"4,896595";"52,342992";
58;"Tram";"4";"04";3;"POINT(4.893045,52.341903)";"POINT(52.341903,4.893045)";"4,893045";"52,341903";
59;"Tram";"5";"05";3;"POINT(4.867284,52.301248)";"POINT(52.301248,4.867284)";"4,867284";"52,301248";
60;"Tram";"13";"13";3;"POINT(4.855365,52.370913)";"POINT(52.370913,4.855365)";"4,855365";"52,370913";
61;"Tram";"19";"19";3;"POINT(4.858565,52.374683)";"POINT(52.374683,4.858565)";"4,858565";"52,374683";
62;"Tram";"5 | 13 | 17 | 19";"05|13|17|19";3;"POINT(4.875889,52.372173)";"POINT(52.372173,4.875889)";"4,875889";"52,372173";
63;"Tram";"3 | 5 | 12 | 24";"03|05|12|24";3;"POINT(4.88236,52.352851)";"POINT(52.352851,4.88236)";"4,88236";"52,352851";
64;"Tram";"19";"19";3;"POINT(4.854874,52.380556)";"POINT(52.380556,4.854874)";"4,854874";"52,380556";
65;"Tram";"12";"12";3;"POINT(4.895131,52.346932)";"POINT(52.346932,4.895131)";"4,895131";"52,346932";
66;"Tram";"12";"12";3;"POINT(4.899977,52.34669)";"POINT(52.34669,4.899977)";"4,899977";"52,34669";
67;"Tram";"12";"12";3;"POINT(4.891548,52.35019)";"POINT(52.35019,4.891548)";"4,891548";"52,35019";
68;"Tram";"2 | 11 | 12 | 13 | 17";"02|11|12|13|17";3;"POINT(4.890517,52.373154)";"POINT(52.373154,4.890517)";"4,890517";"52,373154";
69;"Tram";"13";"13";3;"POINT(4.812453,52.376422)";"POINT(52.376422,4.812453)";"4,812453";"52,376422";
70;"Tram";"7";"07";3;"POINT(4.832248,52.379714)";"POINT(52.379714,4.832248)";"4,832248";"52,379714";
71;"Tram";"7";"07";3;"POINT(4.826829,52.380564)";"POINT(52.380564,4.826829)";"4,826829";"52,380564";
72;"Tram";"13";"13";3;"POINT(4.827318,52.374404)";"POINT(52.374404,4.827318)";"4,827318";"52,374404";
73;"Tram";"13";"13";3;"POINT(4.844122,52.369427)";"POINT(52.369427,4.844122)";"4,844122";"52,369427";
74;"Tram";"7";"07";3;"POINT(4.848647,52.373174)";"POINT(52.373174,4.848647)";"4,848647";"52,373174";
75;"Tram";"13";"13";3;"POINT(4.806468,52.376938)";"POINT(52.376938,4.806468)";"4,806468";"52,376938";
76;"Tram";"13";"13";3;"POINT(4.803274,52.377254)";"POINT(52.377254,4.803274)";"4,803274";"52,377254";
77;"Tram";"7 | 13";"07|13";3;"POINT(4.850266,52.370032)";"POINT(52.370032,4.850266)";"4,850266";"52,370032";
78;"Tram";"13";"13";3;"POINT(4.838209,52.369641)";"POINT(52.369641,4.838209)";"4,838209";"52,369641";
79;"Tram";"7";"07";3;"POINT(4.818878,52.372842)";"POINT(52.372842,4.818878)";"4,818878";"52,372842";
80;"Tram";"4 | 14";"04|14";3;"POINT(4.896578,52.366237)";"POINT(52.366237,4.896578)";"4,896578";"52,366237";
81;"Tram";"14";"14";3;"POINT(4.911175,52.366621)";"POINT(52.366621,4.911175)";"4,911175";"52,366621";
82;"Tram";"14";"14";3;"POINT(4.915418,52.365155)";"POINT(52.365155,4.915418)";"4,915418";"52,365155";
83;"Tram";"7 | 13";"07|13";3;"POINT(4.819025,52.375688)";"POINT(52.375688,4.819025)";"4,819025";"52,375688";
84;"Tram";"3 | 14";"03|14";3;"POINT(4.951403,52.365165)";"POINT(52.365165,4.951403)";"4,951403";"52,365165";
85;"Tram";"14";"14";3;"POINT(4.905703,52.367815)";"POINT(52.367815,4.905703)";"4,905703";"52,367815";
86;"Tram";"19";"19";3;"POINT(4.923985,52.361912)";"POINT(52.361912,4.923985)";"4,923985";"52,361912";
87;"Tram";"1 | 3 | 19";"01|03|19";3;"POINT(4.9253,52.360011)";"POINT(52.360011,4.9253)";"4,9253";"52,360011";
88;"Tram";"3 | 14";"03|14";3;"POINT(4.947757,52.364866)";"POINT(52.364866,4.947757)";"4,947757";"52,364866";
89;"Tram";"13";"13";3;"POINT(4.83811,52.371481)";"POINT(52.371481,4.83811)";"4,83811";"52,371481";
90;"Tram";"7";"07|14";3;"POINT(4.845753,52.37787)";"POINT(52.37787,4.845753)";"4,845753";"52,37787";
91;"Tram";"3 | 14";"03|14";3;"POINT(4.943728,52.362206)";"POINT(52.362206,4.943728)";"4,943728";"52,362206";
92;"Tram";"3 | 14";"03|14";3;"POINT(4.940099,52.36169)";"POINT(52.36169,4.940099)";"4,940099";"52,36169";
93;"Tram";"19";"19";3;"POINT(4.930968,52.353482)";"POINT(52.353482,4.930968)";"4,930968";"52,353482";
94;"Tram";"19";"19";3;"POINT(4.935169,52.350852)";"POINT(52.350852,4.935169)";"4,935169";"52,350852";
95;"Tram";"14";"14";3;"POINT(4.927677,52.365918)";"POINT(52.365918,4.927677)";"4,927677";"52,365918";
96;"Tram";"14";"14";3;"POINT(4.932681,52.365805)";"POINT(52.365805,4.932681)";"4,932681";"52,365805";
97;"Tram";"14";"14";3;"POINT(4.937672,52.36432)";"POINT(52.36432,4.937672)";"4,937672";"52,36432";
98;"Tram";"4 | 14 | 24";"04|14|24";3;"POINT(4.894056,52.373809)";"POINT(52.373809,4.894056)";"4,894056";"52,373809";
99;"Tram";"4 | 14 | 24 | 52";"04|14|24|52";3;"POINT(4.892383,52.369793)";"POINT(52.369793,4.892383)";"4,892383";"52,369793";
100;"Tram";"24";"24";3;"POINT(4.89322,52.366481)";"POINT(52.366481,4.89322)";"4,89322";"52,366481";
101;"Tram";"24";"24";3;"POINT(4.890706,52.357065)";"POINT(52.357065,4.890706)";"4,890706";"52,357065";
102;"Tram";"24";"24";3;"POINT(4.857702,52.341119)";"POINT(52.341119,4.857702)";"4,857702";"52,341119";
103;"Tram";"3 | 5 | 12";"03|05|12";3;"POINT(4.87973,52.35654)";"POINT(52.35654,4.87973)";"4,87973";"52,35654";
104;"Tram";"17";"17";3;"POINT(4.786916,52.355541)";"POINT(52.355541,4.786916)";"4,786916";"52,355541";
105;"Tram";"17";"17";3;"POINT(4.791589,52.356485)";"POINT(52.356485,4.791589)";"4,791589";"52,356485";
106;"Tram";"17";"17";3;"POINT(4.7991,52.357997)";"POINT(52.357997,4.7991)";"4,7991";"52,357997";
107;"Tram";"17";"17";3;"POINT(4.803208,52.359411)";"POINT(52.359411,4.803208)";"4,803208";"52,359411";
108;"Tram";"17";"17";3;"POINT(4.807562,52.359615)";"POINT(52.359615,4.807562)";"4,807562";"52,359615";
109;"Tram";"5 | 7 | 17 | 19";"05|07|17|19";3;"POINT(4.877957,52.3688)";"POINT(52.3688,4.877957)";"4,877957";"52,3688";
110;"Tram";"3 | 13 | 19";"03|13|19";3;"POINT(4.870338,52.370879)";"POINT(52.370879,4.870338)";"4,870338";"52,370879";
111;"Tram";"2";"02";3;"POINT(4.856601,52.351503)";"POINT(52.351503,4.856601)";"4,856601";"52,351503";
112;"Tram";"2";"02";3;"POINT(4.845334,52.351577)";"POINT(52.351577,4.845334)";"4,845334";"52,351577";
113;"Tram";"2";"02";3;"POINT(4.816064,52.346456)";"POINT(52.346456,4.816064)";"4,816064";"52,346456";
114;"Tram";"2";"02";3;"POINT(4.810925,52.346353)";"POINT(52.346353,4.810925)";"4,810925";"52,346353";
115;"Tram";"2";"02";3;"POINT(4.803959,52.344989)";"POINT(52.344989,4.803959)";"4,803959";"52,344989";
116;"Tram";"2";"02";3;"POINT(4.870705,52.356011)";"POINT(52.356011,4.870705)";"4,870705";"52,356011";
117;"Tram";"2";"02";3;"POINT(4.863509,52.353219)";"POINT(52.353219,4.863509)";"4,863509";"52,353219";
118;"Tram";"2";"02";3;"POINT(4.840882,52.351544)";"POINT(52.351544,4.840882)";"4,840882";"52,351544";
119;"Tram";"2";"02";3;"POINT(4.824631,52.346687)";"POINT(52.346687,4.824631)";"4,824631";"52,346687";
120;"Tram";"2";"02";3;"POINT(4.827482,52.349157)";"POINT(52.349157,4.827482)";"4,827482";"52,349157";
121;"Tram";"2";"02";3;"POINT(4.84994,52.351302)";"POINT(52.351302,4.84994)";"4,84994";"52,351302";
122;"Tram";"2 | 3 | 5 | 12";"02|03|05|12";3;"POINT(4.878568,52.358142)";"POINT(52.358142,4.878568)";"4,878568";"52,358142";
123;"Tram";"5";"05";3;"POINT(4.876776,52.342897)";"POINT(52.342897,4.876776)";"4,876776";"52,342897";
124;"Tram";"5 | 24";"05|24";3;"POINT(4.876907,52.34709)";"POINT(52.34709,4.876907)";"4,876907";"52,34709";
125;"Tram";"24";"24";3;"POINT(4.872533,52.346729)";"POINT(52.346729,4.872533)";"4,872533";"52,346729";
126;"Tram";"26";"26";3;"POINT(5.004306,52.350943)";"POINT(52.350943,5.004306)";"5,004306";"52,350943";
127;"Tram";"19";"19";3;"POINT(4.927082,52.357206)";"POINT(52.357206,4.927082)";"4,927082";"52,357206";
128;"Tram";"26";"26";3;"POINT(4.913026,52.37724)";"POINT(52.37724,4.913026)";"4,913026";"52,37724";
129;"Tram";"26";"26";3;"POINT(4.921583,52.376115)";"POINT(52.376115,4.921583)";"4,921583";"52,376115";
130;"Tram";"26";"26";3;"POINT(4.961515,52.372019)";"POINT(52.372019,4.961515)";"4,961515";"52,372019";
131;"Tram";"26";"26";3;"POINT(4.98044,52.362986)";"POINT(52.362986,4.98044)";"4,98044";"52,362986";
132;"Tram";"26";"26";3;"POINT(4.990814,52.357577)";"POINT(52.357577,4.990814)";"4,990814";"52,357577";
133;"Tram";"26";"26";3;"POINT(4.995227,52.35523)";"POINT(52.35523,4.995227)";"4,995227";"52,35523";
134;"Tram";"26";"26";3;"POINT(4.999645,52.352879)";"POINT(52.352879,4.999645)";"4,999645";"52,352879";
135;"Tram";"3";"03";3;"POINT(4.885244,52.38806)";"POINT(52.38806,4.885244)";"4,885244";"52,38806";
136;"Tram";"1 | 3";"01|03";3;"POINT(4.917045,52.358582)";"POINT(52.358582,4.917045)";"4,917045";"52,358582";
137;"Tram";"3 | 5";"03|05";3;"POINT(4.878628,52.378387)";"POINT(52.378387,4.878628)";"4,878628";"52,378387";
138;"Tram";"4 | 12";"04|12";3;"POINT(4.90491,52.346238)";"POINT(52.346238,4.90491)";"4,90491";"52,346238";
139;"Tram";"3";"03";3;"POINT(4.909563,52.357316)";"POINT(52.357316,4.909563)";"4,909563";"52,357316";
140;"Tram";"4";"04";3;"POINT(4.903214,52.351681)";"POINT(52.351681,4.903214)";"4,903214";"52,351681";
141;"Tram";"12";"12";3;"POINT(4.910983,52.347089)";"POINT(52.347089,4.910983)";"4,910983";"52,347089";
142;"Tram";"1 | 3";"01|03";3;"POINT(4.932961,52.360931)";"POINT(52.360931,4.932961)";"4,932961";"52,360931";
143;"Tram";"3";"03";3;"POINT(4.872753,52.374651)";"POINT(52.374651,4.872753)";"4,872753";"52,374651";
144;"Tram";"3";"03";3;"POINT(4.875346,52.378535)";"POINT(52.378535,4.875346)";"4,875346";"52,378535";
145;"Tram";"4";"04";3;"POINT(4.904198,52.349061)";"POINT(52.349061,4.904198)";"4,904198";"52,349061";
146;"Tram";"3";"03";3;"POINT(4.913607,52.358349)";"POINT(52.358349,4.913607)";"4,913607";"52,358349";
147;"Tram";"3 | 4";"03|04";3;"POINT(4.901248,52.354816)";"POINT(52.354816,4.901248)";"4,901248";"52,354816";
148;"Tram";"3";"03";3;"POINT(4.894586,52.353248)";"POINT(52.353248,4.894586)";"4,894586";"52,353248";
149;"Tram";"4";"04";3;"POINT(4.898301,52.363832)";"POINT(52.363832,4.898301)";"4,898301";"52,363832";
150;"Tram";"4";"04";3;"POINT(4.898988,52.362115)";"POINT(52.362115,4.898988)";"4,898988";"52,362115";
151;"Tram";"1 | 4 | 7 | 19";"01|04|07|19";3;"POINT(4.898761,52.359517)";"POINT(52.359517,4.898761)";"4,898761";"52,359517";
152;"Metro";"5 | 50 | 51 | 52";"05|50|51|52";5;"POINT(4.873149,52.340158)";"POINT(52.340158,4.873149)";"4,873149";"52,340158";
153;"Tram";"5";"05";3;"POINT(4.868842,52.331423)";"POINT(52.331423,4.868842)";"4,868842";"52,331423";
154;"Tram";"5";"05";3;"POINT(4.868701,52.338096)";"POINT(52.338096,4.868701)";"4,868701";"52,338096";
155;"Tram";"5";"05";3;"POINT(4.869154,52.321624)";"POINT(52.321624,4.869154)";"4,869154";"52,321624";
156;"Tram";"24";"24";3;"POINT(4.856897,52.343951)";"POINT(52.343951,4.856897)";"4,856897";"52,343951";
157;"Tram";"5";"05";3;"POINT(4.870291,52.316558)";"POINT(52.316558,4.870291)";"4,870291";"52,316558";
158;"Tram";"5";"05";3;"POINT(4.872233,52.312365)";"POINT(52.312365,4.872233)";"4,872233";"52,312365";
159;"Tram";"5";"05";3;"POINT(4.872513,52.308277)";"POINT(52.308277,4.872513)";"4,872513";"52,308277";
160;"Tram";"5";"05";3;"POINT(4.871977,52.303247)";"POINT(52.303247,4.871977)";"4,871977";"52,303247";
161;"Metro";"1 | 17 | 50 | 51";"01|17|50|51";5;"POINT(4.834378,52.357887)";"POINT(52.357887,4.834378)";"4,834378";"52,357887";
162;"Metro";"50 | 51";"50|51";5;"POINT(4.850835,52.395175)";"POINT(52.395175,4.850835)";"4,850835";"52,395175";
163;"Metro";"50 | 54";"50|54";5;"POINT(4.989232,52.29634)";"POINT(52.29634,4.989232)";"4,989232";"52,29634";
164;"Metro";"50 | 51";"50|51";5;"POINT(4.917807,52.331747)";"POINT(52.331747,4.917807)";"4,917807";"52,331747";
165;"Metro";"50 | 54";"50|54";5;"POINT(4.974169,52.295612)";"POINT(52.295612,4.974169)";"4,974169";"52,295612";
166;"Metro";"19 | 50 | 51";"19|50|51";5;"POINT(4.83889,52.388596)";"POINT(52.388596,4.83889)";"4,83889";"52,388596";
167;"Metro";"13 | 50 | 51";"13|50|51";5;"POINT(4.835503,52.37312)";"POINT(52.37312,4.835503)";"4,835503";"52,37312";
168;"Metro";"7 | 50 | 51";"07|50|51";5;"POINT(4.837885,52.37883)";"POINT(52.37883,4.837885)";"4,837885";"52,37883";
169;"Metro";"50 | 51";"50|51";5;"POINT(4.834486,52.346536)";"POINT(52.346536,4.834486)";"4,834486";"52,346536";
170;"Metro";"2 | 50 | 51";"02|50|51";5;"POINT(4.834339,52.351498)";"POINT(52.351498,4.834339)";"4,834339";"52,351498";
171;"Metro";"50 | 51";"50|51";5;"POINT(4.833954,52.364859)";"POINT(52.364859,4.833954)";"4,833954";"52,364859";
172;"Metro";"24 | 50 | 51";"24|50|51";5;"POINT(4.857276,52.338387)";"POINT(52.338387,4.857276)";"4,857276";"52,338387";
173;"Metro";"4 | 50 | 51";"04|50|51";5;"POINT(4.890729,52.336999)";"POINT(52.336999,4.890729)";"4,890729";"52,336999";
174;"Metro";"50 | 54";"50|54";5;"POINT(4.941473,52.318417)";"POINT(52.318417,4.941473)";"4,941473";"52,318417";
175;"Metro";"50 | 54";"50|54";5;"POINT(4.947196,52.312125)";"POINT(52.312125,4.947196)";"4,947196";"52,312125";
176;"Metro";"50 | 54";"50|54";5;"POINT(4.952107,52.306793)";"POINT(52.306793,4.952107)";"4,952107";"52,306793";
177;"Metro";"50 | 54";"50|54";5;"POINT(4.959985,52.298175)";"POINT(52.298175,4.959985)";"4,959985";"52,298175";
178;"Metro";"50 | 54";"50|54";5;"POINT(4.936492,52.3236)";"POINT(52.3236,4.936492)";"4,936492";"52,3236";
179;"Tram";"5 | 24";"05|24";3;"POINT(4.868325,52.334813)";"POINT(52.334813,4.868325)";"4,868325";"52,334813";
180;"Tram";"5";"05";3;"POINT(4.868971,52.325398)";"POINT(52.325398,4.868971)";"4,868971";"52,325398";
181;"Metro";"51 | 53 | 54";"51|53|54";5;"POINT(4.920971,52.340035)";"POINT(52.340035,4.920971)";"4,920971";"52,340035";
182;"Metro";"2 | 4 | 11 | 12 | 13 | 14 | 17 | 24 | 26 | 51 | 52 | 53 | 54";"02|04|11|12|13|14|17|24|26|51|52|53|54";5;"POINT(4.899778,52.37802)";"POINT(52.37802,4.899778)";"4,899778";"52,37802";
183;"Metro";"14 | 51 | 53 | 54";"14|51|53|54";5;"POINT(4.902406,52.367342)";"POINT(52.367342,4.902406)";"4,902406";"52,367342";
184;"Metro";"1 | 7 | 19 | 51 | 53 | 54";"01|07|19|51|53|54";5;"POINT(4.907983,52.361166)";"POINT(52.361166,4.907983)";"4,907983";"52,361166";
185;"Metro";"51 | 53 | 54";"51|53|54";5;"POINT(4.912128,52.354326)";"POINT(52.354326,4.912128)";"4,912128";"52,354326";
186;"Tram";"24";"24";3;"POINT(4.858529,52.345265)";"POINT(52.345265,4.858529)";"4,858529";"52,345265";
187;"Tram";"24";"24";3;"POINT(4.866262,52.346333)";"POINT(52.346333,4.866262)";"4,866262";"52,346333";
188;"Tram";"5 | 24";"05|24";3;"POINT(4.877281,52.349092)";"POINT(52.349092,4.877281)";"4,877281";"52,349092";
189;"Metro";"51 | 53 | 54";"51|53|54";5;"POINT(4.901306,52.371913)";"POINT(52.371913,4.901306)";"4,901306";"52,371913";
190;"Metro";"12 | 51 | 53 | 54";"12|51|53|54";5;"POINT(4.918302,52.346656)";"POINT(52.346656,4.918302)";"4,918302";"52,346656";
191;"Metro";"50 | 53 | 54";"50|53|54";5;"POINT(4.930305,52.329671)";"POINT(52.329671,4.930305)";"4,930305";"52,329671";
192;"Metro";"53";"53";5;"POINT(4.966764,52.328617)";"POINT(52.328617,4.966764)";"4,966764";"52,328617";
193;"Metro";"53";"53";5;"POINT(4.973049,52.323624)";"POINT(52.323624,4.973049)";"4,973049";"52,323624";
194;"Metro";"53";"53";5;"POINT(4.979459,52.316611)";"POINT(52.316611,4.979459)";"4,979459";"52,316611";
195;"Metro";"53";"53";5;"POINT(4.984554,52.311028)";"POINT(52.311028,4.984554)";"4,984554";"52,311028";
196;"Metro";"53";"53";5;"POINT(4.946234,52.32673)";"POINT(52.32673,4.946234)";"4,946234";"52,32673";
197;"Tram";"7 | 17";"07|17";3;"POINT(4.859681,52.364718)";"POINT(52.364718,4.859681)";"4,859681";"52,364718";
198;"Tram";"7";"07";3;"POINT(4.852487,52.367167)";"POINT(52.367167,4.852487)";"4,852487";"52,367167";
199;"Tram";"13 | 19";"13|19";3;"POINT(4.859972,52.371492)";"POINT(52.371492,4.859972)";"4,859972";"52,371492";
200;"Tram";"7 | 17";"07|17";3;"POINT(4.862706,52.364804)";"POINT(52.364804,4.862706)";"4,862706";"52,364804";
201;"Tram";"5 | 50 | 51 | 52";"05|50|51|52";3;"POINT(4.873149,52.340158)";"POINT(52.340158,4.873149)";"4,873149";"52,340158";
202;"Tram";"1 | 17 | 50 | 51";"01|17|50|51";3;"POINT(4.834378,52.357887)";"POINT(52.357887,4.834378)";"4,834378";"52,357887";
203;"Tram";"19 | 50 | 51";"19|50|51";3;"POINT(4.83889,52.388596)";"POINT(52.388596,4.83889)";"4,83889";"52,388596";
204;"Tram";"13 | 50 | 51";"13|50|51";3;"POINT(4.835503,52.37312)";"POINT(52.37312,4.835503)";"4,835503";"52,37312";
205;"Tram";"7 | 50 | 51";"07|50|51";3;"POINT(4.837885,52.37883)";"POINT(52.37883,4.837885)";"4,837885";"52,37883";
206;"Tram";"2 | 50 | 51";"02|50|51";3;"POINT(4.834339,52.351498)";"POINT(52.351498,4.834339)";"4,834339";"52,351498";
207;"Tram";"24 | 50 | 51";"24|50|51";3;"POINT(4.857276,52.338387)";"POINT(52.338387,4.857276)";"4,857276";"52,338387";
208;"Tram";"4 | 50 | 51";"04|50|51";3;"POINT(4.890729,52.336999)";"POINT(52.336999,4.890729)";"4,890729";"52,336999";
209;"Tram";"2 | 4 | 11 | 12 | 13 | 14 | 17 | 24 | 26 | 51 | 52 | 53 | 54";"02|04|11|12|13|14|17|24|26|51|52|53|54";3;"POINT(4.899778,52.37802)";"POINT(52.37802,4.899778)";"4,899778";"52,37802";
210;"Tram";"14 | 51 | 53 | 54";"14|51|53|54";3;"POINT(4.902406,52.367342)";"POINT(52.367342,4.902406)";"4,902406";"52,367342";
211;"Tram";"1 | 7 | 19 | 51 | 53 | 54";"01|07|19|51|53|54";3;"POINT(4.907983,52.361166)";"POINT(52.361166,4.907983)";"4,907983";"52,361166";
212;"Tram";"12 | 51 | 53 | 54";"12|51|53|54";3;"POINT(4.918302,52.346656)";"POINT(52.346656,4.918302)";"4,918302";"52,346656";
213;"Metro";"53";"53";5;"POINT(4.956452,52.330263)";"POINT(52.330263,4.956452)";"4,956452";"52,330263";
214;"Tram";"26";"26";3;"POINT(4.968966,52.368932)";"POINT(52.368932,4.968966)";"4,968966";"52,368932";
215;"Tram";"13 | 17";"13|17";3;"POINT(4.884111,52.374028)";"POINT(52.374028,4.884111)";"4,884111";"52,374028";
216;"Tram";"24";"24";3;"POINT(4.891992,52.362786)";"POINT(52.362786,4.891992)";"4,891992";"52,362786";
217;"Metro";"4 | 52";"04|52";5;"POINT(4.891992,52.340211)";"POINT(52.340211,4.891992)";"4,891992";"52,340211";
218;"Metro";"52";"52";5;"POINT(4.918657,52.388895)";"POINT(52.388895,4.918657)";"4,918657";"52,388895";
219;"Metro";"52";"52";5;"POINT(4.932234,52.40187)";"POINT(52.40187,4.932234)";"4,932234";"52,40187";
220;"Metro";"4 | 14 | 24 | 52";"04|14|24|52";5;"POINT(4.892383,52.369793)";"POINT(52.369793,4.892383)";"4,892383";"52,369793";
221;"Metro";"1 | 7 | 19 | 24 | 52";"01|07|19|24|52";5;"POINT(4.890948,52.359625)";"POINT(52.359625,4.890948)";"4,890948";"52,359625";
222;"Metro";"3 | 12 | 24 | 52";"03|12|24|52";5;"POINT(4.891112,52.352783)";"POINT(52.352783,4.891112)";"4,891112";"52,352783";

